Vertical,Company Name,Phone,Address,Website,Employees,Est. Annual Revenue,Door-Knock Status
Cemetery / Memorial Park,Magic Valley Memorial Gardens,(956) 787-5222,"S Highway 281 & Fm 3072, Pharr TX 78577",www.magicvalleymemorialgardens.com,29,$6,680,000,New / Ready
Funeral Home,Skinner-Silva Funeral Homes,(956) 781-2244,"122 W Samano St, Edinburg TX 78539",www.greenleafenterprises.com,19,$5,657,000,New / Ready
Funeral Home,McCaleb Funeral Home,(956) 968-7533,"900 W 4th St, Weslaco TX 78596",www.mccalebfuneralhome.com,15,$3,590,000,New / Ready
Funeral Home,Hernandez Funerals,(956) 638-0140,"806 E Expressway 83, La Joya TX 78560",www.hernandezfunerals.com,7,$3,483,000,New / Ready
Funeral Home,Ric Brown Family Funeral Home,(956) 583-6333,"621 E Griffin Pkwy, Mission TX 78572",www.ricbrownffh.com,14,$3,240,000,New / Ready
Funeral Home,Ceballos-Diaz Funeral Home,(956) 383-4931,"322 E Kuhn St, Edinburg TX 78541",www.ceballos-diaz.com,12,$2,337,000,New / Ready
Funeral Home,Vaughan Funeral Homes,(956) 464-3661,"1701 E Business 83, Donna TX 78537",www.vaughanfuneral.com,6,$1,769,000,New / Ready
Funeral Home,Amador Funeral Home,(956) 787-9300,"1201 E Ferguson St, Pharr TX 78577",www.amadorfuneralhome.com,9,$1,667,000,New / Ready
Pre-Need / Insurance,Texas Pre Need Funerals,,"1701 E Mcintyre St, Edinburg TX 78542",,12,$1,573,000,New / Ready
Cemetery / Memorial Park,Highland Memorial Park,(956) 567-0005,"6705 N Fm 88, Weslaco TX 78599",,10,$1,456,000,New / Ready
Funeral Home,Memorial Funeral Home,(956) 380-1416,"208 E Canton Rd, Edinburg TX 78539",www.memorialfuneral.com,7,$1,435,000,New / Ready
Funeral Home,Legacy Chapels,(956) 618-5900,"4610 S Jackson Rd, Edinburg TX 78539",www.legacychapelsrgv.com,9,$1,404,000,New / Ready
Funeral Home,Rivera at Hillcrest Funerals & Cremations,(956) 322-4332,"1300 N I-69C, Edinburg TX 78542",www.riverahillcrest.com,11,$1,391,000,New / Ready
Funeral Home,Lord & I Funeral Homes,(956) 585-2721,"1005 Expressway 83, Penitas TX 78576",www.virgilwilsonmortuary.com,6,$1,168,000,New / Ready
Funeral Home,Kreidler Funeral Home,(956) 686-0234,"314 N 10th St, McAllen TX 78501",www.kreidlerfuneralhome.com,4,$1,168,000,New / Ready
Funeral Home,Guerra Funeral Home of Weslaco,(956) 969-1461,"2602 N Texas Blvd, Weslaco TX 78599",www.guerrafhw.com,7,$1,152,000,New / Ready
Cemetery / Memorial Park,La Piedad Cemetery Association,,"McAllen TX 78502",,7,$1,074,000,New / Ready
Funeral Home,Gonzalez Funeral Home,(956) 380-0444,"812 E Cano St, Edinburg TX 78539",,9,$962,000,New / Ready
Funeral Home,Eternal Light Funeral Home,(956) 262-7988,"201 N Broadway St, Elsa TX 78543",www.eternallightfuneralhomeelsa.com,6,$921,000,New / Ready
Crematory / Mortuary,Ari Cremation,,"5854 Mile 13 1/2 N, Mercedes TX 78570",,19,$884,000,New / Ready
Funeral Home,Aurora Funeral Home,(956) 782-6150,"8610 S Cage Blvd, Pharr TX 78577",www.aurorafuneralhome.net,5,$875,000,New / Ready
Funeral Home,Cardoza Funeral Home,(956) 262-6744,"1401 Santa Rosa Ave, Edcouch TX 78538",www.cardozafuneralhome.com,6,$859,000,New / Ready
Casket / Monument,Platinum Casket,,"1237 W 2nd St, Mercedes TX 78570",,14,$853,000,New / Ready
Crematory / Mortuary,JDL Mortuary Services,,"601 E Seminole Ave, Pharr TX 78577",,19,$834,000,New / Ready
Casket / Monument,L I Funeral Home Monument,(956) 686-0234,"1005 E US Hwy 83, McAllen TX 78501",,4,$826,000,New / Ready
Cemetery / Memorial Park,Penitas Cemetery Association,,"Penitas TX 78576",,5,$797,000,New / Ready
Cemetery / Memorial Park,Val Verde Memorial Gardens,(956) 464-6060,"6200 N Val Verde Rd, Donna TX 78537",www.valverdememorial.com,5,$778,000,New / Ready
Crematory / Mortuary,RGV Mortuary & Cremation Service,,"McAllen TX 78502",,15,$754,000,New / Ready
Funeral Home,Deleon's Funeral Home,(956) 464-4522,"704 Expressway 83, Donna TX 78537",,3,$740,000,New / Ready
Pre-Need / Insurance,Funeral Planning For Everyone,,"615 San Carlos St, Weslaco TX 78596",,11,$693,000,New / Ready
Cemetery / Memorial Park,Anauch Community Cemetery,,"Elsa TX 78543",,18,$682,000,New / Ready
Funeral Home,Serenity Funeral Home,,"4314 S Conway Ave, Mission TX 78572",,7,$670,000,New / Ready
Funeral Home,Hernandez Funerals La Joya,,"804 W Moore Rd, Pharr TX 78577",,11,$626,000,New / Ready
Casket / Monument,Edinburg Memorial Monument,,"208 E Canton Rd, Edinburg TX 78539",,16,$620,000,New / Ready
Casket / Monument,Golden Gates Caskets,,"720 W Expressway 83, Sullivan City TX 78595",,21,$616,000,New / Ready
Cemetery / Memorial Park,McAllen Cemetery Association,,"1201 S Main St, McAllen TX 78501",,6,$604,000,New / Ready
Funeral Home,Funeral Ari,,"5854 Mile 13 1/2 N, Mercedes TX 78570",,10,$595,000,New / Ready
Cemetery / Memorial Park,La Blanca Community Cemetery,,"La Blanca TX 78558",,20,$586,000,New / Ready
Pre-Need / Insurance,Mirelda's Pre-Need Funeral Services,,"13890 Mile 15 West, Mercedes TX 78570",,10,$582,000,New / Ready
Crematory / Mortuary,Garza Salinas Crematorium,,"804 W Moore Rd, Pharr TX 78577",,13,$576,000,New / Ready
Funeral Home,Memorial Funeral San Juan,,"San Juan TX 78589",,14,$562,000,New / Ready
Funeral Home,Family Funeral Home,,"McAllen TX 78502",,8,$516,000,New / Ready
Funeral Home,Rivera Funeral Home,(956) 686-2224,"1901 Pecan Blvd, McAllen TX 78501",www.riverafuneralhomes.net,7,$478,000,New / Ready
Cemetery / Memorial Park,Fe Celestia Gardens Cemetery,(956) 631-1822,"1111 W Nolana Ave, McAllen TX 78504",,5,$466,000,New / Ready
Pre-Need / Insurance,Valley Pre Need Funeral,(956) 259-8059,"117 N 13th Ave, Edinburg TX 78541",,4,$414,000,New / Ready
Crematory / Mortuary,Memorial Pet Passages,(956) 720-4414,"208 E Canton Rd, Edinburg TX 78539",www.memorialpetpassages.com,5,$404,000,New / Ready
Pre-Need / Insurance,Valley Wide Funeral Plans,(956) 929-5715,"926 W Nolana Loop Ste C, Pharr TX 78577",,3,$399,000,New / Ready
Funeral Home,Donna Memorial Funeral,(956) 461-6000,"501 N Salinas Blvd, Donna TX 78537",,4,$384,000,New / Ready
Casket / Monument,Celestial Discount Caskets,(956) 386-0420,"5019 S Hummer Ln, Edinburg TX 78539",,3,$370,000,New / Ready
Funeral Home,Hawkins Funeral Homes,(956) 969-0030,"2222 E Business 83, Weslaco TX 78596",www.hawkinsfh.com,4,$361,000,New / Ready
Cemetery / Memorial Park,Mid Valley Cemetery,,"Donna TX 78537",,5,$357,000,New / Ready
Cemetery / Memorial Park,Juan Cemetery Association,,"105 Amy Dr, San Juan TX 78589",,5,$340,000,New / Ready
Cemetery / Memorial Park,Garden of Angels Cemetery (Blvd),,"3045 Garden of Angels Blvd, Mission TX 78572",,3,$326,000,New / Ready
Casket / Monument,Edelmira Headstones,,"804 W Moore Rd, Pharr TX 78577",,3,$312,000,New / Ready
Funeral Home,Zavala Family Funeral,(956) 994-3144,"2916 Royal Palm Cir, McAllen TX 78501",,4,$301,000,New / Ready
Cemetery / Memorial Park,Serenity Cemetery,,"1200 E Savannah Ave Ste 7, McAllen TX 78503",,2,$294,000,New / Ready
Funeral Home,Salinas Funeral Home,(956) 262-2971,"304 E Edinburg Ave, Elsa TX 78543",www.salinasfh.com,3,$282,000,New / Ready
Cemetery / Memorial Park,Garden of Angels Cemetery (Abram),(956) 519-4749,"112 S Abram Rd, Mission TX 78572",,4,$274,000,New / Ready
Pre-Need / Insurance,Perez Financial Group,,"711 W Nolana Ave Ste 101A, McAllen TX 78504",www.perezfinancialins.com,20,$11,453,000,New / Ready
Pre-Need / Insurance,JOA Insurance,(956) 448-4822,"200 S Sugar Rd, Edinburg TX 78539",www.joainsurance.com,18,$4,539,000,New / Ready
Floral / Gifts,Madrigals Flower Shop,(956) 585-3703,"1632 N Bryan Rd, Mission TX 78572",www.madrigalsflowershop.com,31,$8,461,000,New / Ready
Floral / Gifts,Peonies Flower Shop,(956) 329-1211,"1116 S Closner Blvd, Edinburg TX 78539",www.myfavoriteflowershop.com,21,$6,506,000,New / Ready
Floral / Gifts,Marylu (McAllen TX Florist),(956) 972-0382,"915 W Hackberry Ave, McAllen TX 78501",www.mcallentxflorist.com,5,$2,928,000,New / Ready
Floral / Gifts,Floral & Craft Expressions,(956) 618-4438,"2800 N 10th St Ste B, McAllen TX 78501",www.mcallenfloralandcraft.com,8,$2,684,000,New / Ready
Floral / Gifts,Michael Allen's Flowers,(956) 682-3882,"702 N Bicentennial Blvd Ste 300, McAllen TX 78501",www.michaelallens.com,7,$2,256,000,New / Ready
Floral / Gifts,Trésor Bouquets,(956) 877-9777,"1305 Pecan Blvd, McAllen TX 78501",www.tresorbouquets.com,8,$2,069,000,New / Ready
Floral / Gifts,Cantu Special Events,(956) 668-9475,"520 S Broadway, McAllen TX 78501",www.cantuspecialevents.com,11,$1,975,000,New / Ready
Floral / Gifts,La Casita De Las Flores,(956) 581-2130,"905 W Veterans Blvd, Palmview TX 78572",www.lacasitadelasflores.org,17,$1,933,000,New / Ready
Floral / Gifts,Rodriguez Wholesale Flowers,(956) 213-8618,"600 N 23rd St Ste C, McAllen TX 78501",www.rodriguezwholesaleflowers.com,9,$1,543,000,New / Ready
Floral / Gifts,Rodriguez Flower Shop,(956) 664-8162,"120 N 10th St, McAllen TX 78501",www.rodriguezflowershop.com,11,$1,530,000,New / Ready
Floral / Gifts,Flower Shack Tx,(956) 383-1046,"3123 S Closner Blvd, Edinburg TX 78539",www.flowershacktx.com,5,$1,473,000,New / Ready
Floral / Gifts,The Secret Garden Floral & Events,(956) 432-5289,"1003 W Maple Ave, McAllen TX 78501",www.secretgardenrgv.com,8,$1,473,000,New / Ready
Floral / Gifts,Oralia Flowers & Gifts (McAllen),(956) 800-5310,"2412 Pecan Blvd, McAllen TX 78501",www.oraliaflowersandgifts.com,4,$1,404,000,New / Ready
Floral / Gifts,Gloria's EC Flower Shop,(915) 626-4735,"3700 Dove Ave W Ste 400 C, McAllen TX 78504",www.gloriasecflowershop.com,11,$1,371,000,New / Ready
Floral / Gifts,Sackk's Flowers & Gifts,(956) 514-1188,"310 S Texas Ave, Mercedes TX 78570",www.sackksflowersandgifts.com,6,$1,346,000,New / Ready
Floral / Gifts,Bonita Flowers & Gifts,(956) 686-4830,"610 N 10th St, McAllen TX 78501",www.bonitaflowersandgifts.com,6,$1,246,000,New / Ready
Floral / Gifts,Amy's Flower Shop,(956) 583-7770,"Edinburg TX 78540",www.amyflowersriograndevalley.com,7,$1,245,000,New / Ready
Floral / Gifts,Nancy's Flower Shop,(956) 787-5187,"700 E Sam Houston Blvd, Pharr TX 78577",www.nancysflowershop.com,6,$1,212,000,New / Ready
Floral / Gifts,Jac-lin's Florist,(956) 686-5252,"1352 Pecan Blvd Ste 10, McAllen TX 78501",www.jaclinsflorist.com,7,$1,180,000,New / Ready
Floral / Gifts,Arcis Flower Shop,(956) 380-2881,"422 E University Dr, Edinburg TX 78539",www.arcisflowershop.com,7,$1,169,000,New / Ready
Floral / Gifts,Rodriguez Flowershop,(956) 664-8162,"120 N 10th St Ste A, McAllen TX 78501",www.rodriguezflowers.com,7,$1,156,000,New / Ready
Floral / Gifts,Forget-Me-Not Flowers & Gifts,(956) 313-1847,"107 E Pecan Blvd Ste A, McAllen TX 78501",www.valleygirlflorist.com,5,$1,134,000,New / Ready
Floral / Gifts,Paolas Flower & Bridal Shop,(956) 969-4590,"435 S Texas Blvd Ste A, Weslaco TX 78596",www.paolasflowershop.net,6,$1,125,000,New / Ready
Floral / Gifts,Royal Garden Flower Shop,(956) 854-4422,"259 S Texas Blvd, Weslaco TX 78596",www.royalgardenflowershop.com,6,$970,000,New / Ready
Floral / Gifts,Blooming Bloomers & More,,"2601 Wildwood Dr, Weslaco TX 78596",,7,$982,000,New / Ready
Floral / Gifts,Oralia Flowers & Gifts (Pharr),(956) 702-8496,"401 N Cage Blvd, Pharr TX 78577",www.oraliaflowers.com,6,$979,000,New / Ready
Floral / Gifts,M & E's Flower Shop,(956) 900-4054,"1301 N 23rd St Ste 7, McAllen TX 78501",www.mesflowershop.com,6,$879,000,New / Ready
Floral / Gifts,Tania's Flower Arrangements,(956) 781-3446,"2604 N Raul Longoria Rd Ste 110, San Juan TX 78589",www.taniasflowers.com,5,$860,000,New / Ready
